query,
"What is the historical significance of the Great Wall of China?"
"How does the political structure of the Chinese Communist Party (CCP) influence governance in China?"
"In what ways does the Belt and Road Initiative (BRI) impact global trade and the Chinese economy?"
"How has Huawei’s 5G network technology been developed and deployed domestically and internationally?"
"What are the major environmental challenges of air pollution in Beijing and other Chinese megacities?"
"Which cultural traditions and rituals are associated with Chinese New Year (Spring Festival)?"
"How did Alibaba become a tech giant, and what are the key components of its e‑commerce ecosystem (Taobao, Tmall, Alipay)?"
"What are the territorial disputes in the South China Sea, and what claims does China make?"
"How has Chinese cinema achieved global reach, as exemplified by films such as “Crouching Tiger, Hidden Dragon” and “The Wandering Earth”?"
"What demographic effects resulted from China’s one‑child policy and its later shift to a three‑child policy?"
"Why is the Terracotta Army in Xi’an considered a UNESCO World Heritage site, and what is its historical importance?"
"How did Shenzhen transform from a fishing village into a megacity and technology hub?"
"In what ways does Confucianism shape Chinese educational and social values today?"
"How did the COVID‑19 pandemic affect China’s public health system and economy?"
"What are the engineering features and impacts of the Three Gorges Dam, the world’s largest hydroelectric power plant?"
"How does the Great Firewall of China operate, and what are its effects on internet freedom?"
"What milestones define the evolution of Chinese high‑speed rail, particularly the Beijing‑Shanghai corridor?"
"What drives the market dynamics of China’s domestic electric‑vehicle industry, led by BYD and Nio?"
"How has the Chinese diaspora shaped societies in Southeast Asia, such as Singapore, Malaysia, and Indonesia?"
"What are the implications of the Hong Kong National Security Law for the region’s autonomy and civil liberties?"
"What are the strategic objectives of China’s military modernization under Xi Jinping?"
"How does China’s Belt and Road Initiative influence its relationships with African nations?"
"What role does China play in the United Nations, particularly in peacekeeping missions?"
"How does China’s relationship with Taiwan affect regional stability in East Asia?"
"What are the geopolitical implications of China’s investments in the Arctic region?"
"How does China’s trade policy impact its relations with the European Union?"
"What is the significance of the Shanghai Cooperation Organization in China’s foreign policy?"
"How does China’s stance on climate change shape its global partnerships?"
"What are the political and economic implications of China’s digital yuan?"
"How does China’s relationship with India influence border disputes in the Himalayas?"
"What is the role of the Chinese Communist Party in shaping media and public opinion?"
"How does China’s influence in the South Pacific affect its relations with Australia and New Zealand?"
"What are the implications of China’s growing presence in Latin America?"
"How does China’s policy on Hong Kong affect its international reputation?"
"What is the significance of China’s naval expansion in the South China Sea?"
"How does China’s relationship with Russia shape global power dynamics?"
"What are the political implications of China’s surveillance technologies being exported globally?"
"How does China’s approach to cybersecurity impact its relations with the United States?"
"What is the role of Confucianism in modern Chinese political ideology?"
"How does China’s policy on Tibet affect its international relations?"
"What are the implications of China’s space exploration programs for global geopolitics?"
"How does China’s relationship with North Korea influence the Korean Peninsula?"
"What is the impact of China’s rare earth mineral exports on global supply chains?"
"How does China’s policy on intellectual property rights affect its trade relations?"
"What are the political implications of China’s demographic challenges, such as an aging population?"
"How does China’s relationship with ASEAN countries shape regional trade agreements?"
"What is the role of China in the global semiconductor supply chain?"
"How does China’s policy on Xinjiang affect its relations with Muslim-majority countries?"
"What are the implications of China’s growing influence in the Middle East?"
"How does China’s approach to artificial intelligence shape its global competitiveness?"
"What is the significance of China’s membership in the World Trade Organization?"
"How does China’s relationship with Japan influence regional security in East Asia?"
"What are the political implications of China’s investments in global infrastructure projects?"
"How does China’s policy on foreign direct investment affect its economic growth?"
"What is the role of the Chinese Communist Party in shaping education policy?"
"How does China’s approach to renewable energy impact its global leadership in green technology?"
"What are the implications of China’s censorship policies for global internet governance?"
"How does China’s relationship with Pakistan influence the China-Pakistan Economic Corridor?"
"What is the significance of China’s role in the BRICS group of emerging economies?"
"How does China’s policy on urbanization affect its domestic and international politics?"
"What are the implications of China’s growing influence in Central Asia?"
"How does China’s relationship with the United States shape global trade policies?"
"What is the role of the Chinese military in securing its overseas interests?"
"How does China’s policy on maritime law affect its relations with neighboring countries?"
"What are the political implications of China’s investments in Africa’s energy sector?"
"How does China’s approach to multilateralism shape its global strategy?"
"What is the significance of China’s role in the global fight against pandemics?"
"How does China’s policy on rural development affect its domestic stability?"
"What are the implications of China’s growing influence in international financial institutions?"
"How does China’s relationship with South Korea influence regional trade and security?"
"What is the role of the Chinese Communist Party in shaping cultural policies?"
"How does China’s policy on intellectual property theft affect its global reputation?"
"What are the political implications of China’s investments in Southeast Asia?"
"How does China’s approach to nuclear energy shape its global energy strategy?"
"What is the significance of China’s role in the global fight against terrorism?"
"How does China’s policy on poverty alleviation affect its domestic and international image?"
"What are the implications of China’s growing influence in the global tech industry?"
"How does China’s relationship with the Gulf Cooperation Council shape its energy security?"
"What is the role of the Chinese Communist Party in shaping healthcare policies?"
"How does China’s policy on foreign aid affect its relationships with developing countries?"
"What are the political implications of China’s investments in European infrastructure?"
"How does China’s approach to human rights affect its international relations?"
"What is the significance of China’s role in the global fight against climate change?"
"How does China’s policy on education reform affect its global competitiveness?"
"What are the implications of China’s growing influence in the global automotive industry?"
"How does China’s relationship with the United Kingdom shape post-Brexit trade policies?"
"What is the role of the Chinese Communist Party in shaping economic policies?"
"How does China’s policy on urban-rural integration affect its domestic development?"
"What are the political implications of China’s investments in global telecommunications?"
"How does China’s approach to space diplomacy shape its international partnerships?"
"What is the significance of China’s role in the global fight against cybercrime?"
"How does China’s policy on cultural heritage affect its international soft power?"
"What are the implications of China’s growing influence in the global pharmaceutical industry?"
"How does China’s relationship with Canada shape bilateral trade and investment?"
"What is the role of the Chinese Communist Party in shaping environmental policies?"
"How does China’s policy on innovation affect its global technological leadership?"
"What are the political implications of China’s investments in global logistics?"
"How does China’s approach to digital governance shape its international influence?"
"What are the implications of China’s advancements in quantum computing for global cybersecurity?"
"How does China’s policy on space mining influence its position in the global space race?"